{"stats":{"minecraft:used":{"minecraft:netherite_sword":59,"minecraft:netherite_boots":1,"minecraft:netherite_leggings":1,"minecraft:netherite_chestplate":1,"minecraft:birch_sapling":1,"minecraft:netherite_helmet":1,"minecraft:sculk_catalyst":1,"minecraft:enchanted_golden_apple":7},"minecraft:mined":{"minecraft:grass":9,"minecraft:grass_block":1,"minecraft:dirt":1,"minecraft:oak_leaves":1},"minecraft:killed":{"minecraft:warden":1},"minecraft:custom":{"minecraft:open_chest":4,"minecraft:time_since_rest":16564,"minecraft:damage_absorbed":747,"minecraft:crouch_one_cm":857,"minecraft:sprint_one_cm":64515,"minecraft:play_time":25776,"minecraft:damage_taken":862,"minecraft:deaths":1,"minecraft:walk_one_cm":33020,"minecraft:sneak_time":921,"minecraft:walk_under_water_one_cm":2431,"minecraft:mob_kills":1,"minecraft:jump":690,"minecraft:damage_dealt":5123,"minecraft:leave_game":2,"minecraft:walk_on_water_one_cm":4210,"minecraft:time_since_death":16536,"minecraft:damage_resisted":816,"minecraft:total_world_time":25776,"minecraft:swim_one_cm":7945,"minecraft:fall_one_cm":22041,"minecraft:fly_one_cm":274222},"minecraft:picked_up":{"minecraft:birch_log":3,"minecraft:gravel":1,"minecraft:oak_log":3,"minecraft:gunpowder":1,"minecraft:birch_sapling":1,"minecraft:dirt":55,"minecraft:sculk_catalyst":1},"minecraft:killed_by":{"minecraft:spider":1}},"DataVersion":3465}