{"stats":{"minecraft:used":{"minecraft:birch_sapling":1},"minecraft:mined":{"minecraft:grass":9,"minecraft:grass_block":1,"minecraft:dirt":1,"minecraft:oak_leaves":1},"minecraft:custom":{"minecraft:time_since_rest":6492,"minecraft:crouch_one_cm":610,"minecraft:sprint_one_cm":41022,"minecraft:play_time":15704,"minecraft:damage_taken":385,"minecraft:deaths":1,"minecraft:walk_one_cm":21280,"minecraft:sneak_time":581,"minecraft:walk_under_water_one_cm":2431,"minecraft:jump":422,"minecraft:damage_dealt":125,"minecraft:leave_game":1,"minecraft:walk_on_water_one_cm":3836,"minecraft:time_since_death":6464,"minecraft:total_world_time":15704,"minecraft:swim_one_cm":7945,"minecraft:fall_one_cm":13232,"minecraft:fly_one_cm":198794},"minecraft:picked_up":{"minecraft:birch_log":3,"minecraft:gravel":1,"minecraft:oak_log":3,"minecraft:gunpowder":1,"minecraft:birch_sapling":1,"minecraft:dirt":55},"minecraft:killed_by":{"minecraft:spider":1}},"DataVersion":3465}